Rank,Year,Movie,WorldwideBox Office,DomesticBox Office,InternationalBox Office
1,2009,Avatar,"$2,845,899,541","$760,507,625","$2,085,391,916"
2,2019,Avengers: Endgame,"$2,797,800,564","$858,373,000","$1,939,427,564"
3,1997,Titanic,"$2,207,986,545","$659,363,944","$1,548,622,601"
4,2015,Star Wars Ep. VII: The Force Awakens,"$2,064,615,817","$936,662,225","$1,127,953,592"
5,2018,Avengers: Infinity War,"$2,044,540,523","$678,815,482","$1,365,725,041"
6,2015,Jurassic World,"$1,669,979,967","$652,306,625","$1,017,673,342"
7,2019,The Lion King,"$1,654,367,425","$543,638,043","$1,110,729,382"
8,2015,Furious 7,"$1,516,881,526","$353,007,020","$1,163,874,506"
9,2012,The Avengers,"$1,515,100,211","$623,357,910","$891,742,301"
10,2019,Frozen II,"$1,446,925,396","$477,373,578","$969,551,818"
11,2015,Avengers: Age of Ultron,"$1,395,316,979","$459,005,868","$936,311,111"
12,2018,Black Panther,"$1,336,494,321","$700,059,566","$636,434,755"
13,2011,Harry Potter and the Deathly Hallows:…,"$1,334,392,544","$381,193,157","$953,199,387"
14,2017,Star Wars Ep. VIII: The Last Jedi,"$1,331,635,141","$620,181,382","$711,453,759"
15,2018,Jurassic World: Fallen Kingdom,"$1,308,334,005","$417,719,760","$890,614,245"
16,2013,Frozen,"$1,266,648,320","$400,953,009","$865,695,311"
17,2017,Beauty and the Beast,"$1,255,080,655","$504,014,165","$751,066,490"
18,2018,Incredibles 2,"$1,242,805,359","$608,581,744","$634,223,615"
19,2017,The Fate of the Furious,"$1,236,703,796","$225,764,765","$1,010,939,031"
20,2013,Iron Man 3,"$1,215,392,272","$408,992,272","$806,400,000"
21,2015,Minions,"$1,159,631,140","$336,045,770","$823,585,370"
22,2016,Captain America: Civil War,"$1,151,918,521","$408,084,349","$743,834,172"
23,2018,Aquaman,"$1,143,758,700","$335,061,807","$808,696,893"
24,2019,Spider-Man: Far From Home,"$1,131,113,066","$390,532,085","$740,580,981"
25,2019,Captain Marvel,"$1,129,727,388","$426,829,839","$702,897,549"
26,2011,Transformers: Dark of the Moon,"$1,123,794,079","$352,390,543","$771,403,536"
27,2003,The Lord of the Rings: The Return of …,"$1,120,214,046","$377,845,905","$742,368,141"
28,2012,Skyfall,"$1,110,526,981","$304,360,277","$806,166,704"
29,2014,Transformers: Age of Extinction,"$1,104,054,072","$245,439,076","$858,614,996"
30,2012,The Dark Knight Rises,"$1,082,228,107","$448,139,099","$634,089,008"
31,2019,Toy Story 4,"$1,073,080,329","$434,038,008","$639,042,321"
32,2019,Star Wars: The Rise of Skywalker,"$1,072,848,487","$515,202,542","$557,645,945"
33,2019,Joker,"$1,072,507,517","$335,451,311","$737,056,206"
34,2010,Toy Story 3,"$1,068,879,522","$415,004,880","$653,874,642"
35,2006,Pirates of the Caribbean: Dead Manâs …,"$1,066,179,725","$423,315,812","$642,863,913"
36,2016,Rogue One: A Star Wars Story,"$1,055,135,598","$532,177,324","$522,958,274"
37,2019,Aladdin,"$1,046,649,706","$355,559,216","$691,090,490"
38,2011,Pirates of the Caribbean: On Stranger…,"$1,045,713,802","$241,071,802","$804,642,000"
39,1993,Jurassic Park,"$1,045,573,035","$402,523,348","$643,049,687"
40,2017,Despicable Me 3,"$1,032,596,894","$264,624,300","$767,972,594"
41,1999,Star Wars Ep. I: The Phantom Menace,"$1,027,044,677","$474,544,677","$552,500,000"
42,2010,Alice in Wonderland,"$1,025,491,110","$334,191,110","$691,300,000"
43,2016,Finding Dory,"$1,025,006,125","$486,295,561","$538,710,564"
44,2012,The Hobbit: An Unexpected Journey,"$1,014,938,545","$303,003,568","$711,934,977"
45,2016,Zootopia,"$1,005,304,638","$341,268,248","$664,036,390"
46,2008,The Dark Knight,"$999,046,281","$533,720,947","$465,325,334"
47,1994,The Lion King,"$986,214,868","$421,785,283","$564,429,585"
48,2013,Despicable Me 2,"$975,216,835","$368,065,385","$607,151,450"
49,2001,Harry Potter and the Sorcererâs Stone,"$965,054,122","$317,871,467","$647,182,655"
50,2017,Jumanji: Welcome to the Jungle,"$961,613,199","$404,508,916","$557,104,283"
51,2007,Pirates of the Caribbean: At Worldâs …,"$960,996,492","$309,420,425","$651,576,067"
52,2013,The Hobbit: The Desolation of Smaug,"$959,358,436","$258,241,522","$701,116,914"
53,2010,Harry Potter and the Deathly Hallows:…,"$955,371,891","$296,131,568","$659,240,323"
54,2016,The Jungle Book,"$953,554,418","$364,001,123","$589,553,295"
55,2014,The Hobbit: The Battle of the Five Ar…,"$941,560,732","$255,119,788","$686,440,944"
56,2007,Harry Potter and the Order of the Pho…,"$940,743,940","$292,137,260","$648,606,680"
57,2003,Finding Nemo,"$936,094,852","$380,529,370","$555,565,482"
58,2004,Shrek 2,"$935,253,978","$441,226,247","$494,027,731"
59,2009,Harry Potter and the Half-Blood Prince,"$930,673,167","$302,089,278","$628,583,889"
60,2002,The Lord of the Rings: The Two Towers,"$919,148,764","$342,548,984","$576,599,780"
61,2007,Spider-Man 3,"$894,860,230","$336,530,303","$558,329,927"
62,2018,Bohemian Rhapsody,"$891,472,999","$216,303,339","$675,169,660"
63,2005,Harry Potter and the Goblet of Fire,"$891,320,084","$290,201,752","$601,118,332"
64,2001,The Lord of the Rings: The Fellowship…,"$891,216,824","$315,544,750","$575,672,074"
65,2009,Ice Age: Dawn of the Dinosaurs,"$886,686,817","$196,573,705","$690,113,112"
66,2016,The Secret Life of Pets,"$885,302,500","$368,384,330","$516,918,170"
67,2017,Spider-Man: Homecoming,"$880,166,350","$334,201,140","$545,965,210"
68,2012,Ice Age: Continental Drift,"$879,765,137","$161,321,843","$718,443,294"
69,2015,Spectre,"$879,500,760","$200,074,175","$679,426,585"
70,2002,Harry Potter and the Chamber of Secrets,"$876,508,805","$262,233,381","$614,275,424"
71,2016,Batman v Superman: Dawn of Justice,"$872,395,091","$330,360,194","$542,034,897"
72,2017,Guardians of the Galaxy Vol 2,"$869,113,101","$389,813,101","$479,300,000"
73,2013,The Hunger Games: Catching Fire,"$864,868,047","$424,668,047","$440,200,000"
74,2015,Inside Out,"$855,038,387","$356,461,711","$498,576,676"
75,2018,Venom,"$853,530,899","$213,511,408","$640,019,491"
76,2017,Thor: Ragnarok,"$850,482,778","$315,058,289","$535,424,489"
77,2005,Star Wars Ep. III: Revenge of the Sith,"$848,998,877","$380,270,577","$468,728,300"
78,2021,"Ni Hao, Li Huan Ying","$841,716,512",,"$841,716,512"
79,2009,Transformers: Revenge of the Fallen,"$836,519,699","$402,111,870","$434,407,829"
80,2017,Zhan Lang 2,"$835,474,171","$2,721,100","$832,753,071"
81,2012,"The Twilight Saga: Breaking Dawn, Part 2","$829,724,737","$292,324,737","$537,400,000"
82,2002,Spider-Man,"$821,706,375","$403,706,375","$418,000,000"
83,2017,Wonder Woman,"$818,058,221","$412,563,408","$405,494,813"
84,1996,Independence Day,"$817,400,878","$306,169,255","$511,231,623"
85,2016,Fantastic Beasts and Where to Find Them,"$811,724,385","$234,037,575","$577,686,810"
86,2007,Shrek the Third,"$807,330,936","$322,719,944","$484,610,992"
87,2019,Jumanji: The Next Level,"$800,128,637","$316,831,246","$483,297,391"
88,2017,Coco,"$798,237,597","$210,460,015","$587,777,582"
89,2017,Pirates of the Caribbean: Dead Men Te…,"$794,861,794","$172,558,876","$622,302,918"
90,2004,Spider-Man 2,"$794,697,557","$373,524,485","$421,173,072"
91,1982,E.T. the Extra-Terrestrial,"$792,962,972","$435,110,554","$357,852,418"
92,2004,Harry Potter and the Prisoner of Azkaban,"$789,961,033","$249,757,726","$540,203,307"
93,2013,Fast and Furious 6,"$789,300,444","$238,679,850","$550,620,594"
94,2018,Mission: ImpossibleâFallout,"$787,176,729","$220,159,104","$567,017,625"
95,2008,Indiana Jones and the Kingdom of the …,"$786,635,413","$317,101,119","$469,534,294"
96,2018,Deadpool 2,"$786,362,370","$324,591,735","$461,770,635"
97,2016,Deadpool,"$784,157,111","$363,070,709","$421,086,402"
98,1977,Star Wars Ep. IV: A New Hope,"$775,398,007","$460,998,007","$314,400,000"
99,2014,Guardians of the Galaxy,"$770,882,395","$333,714,112","$437,168,283"
100,2006,The Da Vinci Code,"$767,820,459","$217,536,138","$550,284,321"
102,2019,Fast & Furious Presents: Hobbs & Shaw,"$760,381,706","$173,956,935","$586,424,771"
103,2014,Maleficent,"$758,536,735","$241,407,328","$517,129,407"
104,2012,The Amazing Spider-Man,"$757,890,267","$262,030,663","$495,859,604"
105,2009,2012,"$757,677,748","$166,112,167","$591,565,581"
106,2010,Shrek Forever After,"$756,244,673","$238,736,787","$517,507,886"
107,2014,X-Men: Days of Future Past,"$747,862,775","$233,921,534","$513,941,241"
108,2012,Madagascar 3: Europe's Most Wanted,"$746,921,271","$216,391,482","$530,529,789"
109,2016,Suicide Squad,"$746,846,894","$325,100,054","$421,746,840"
110,2013,Monsters University,"$743,455,810","$268,488,329","$474,967,481"
111,2019,Ne Zha Zhi Mo Tong Jiang Shi,"$742,711,251","$3,695,533","$739,015,718"
112,2003,The Matrix Reloaded,"$738,576,929","$281,553,689","$457,023,240"
113,2009,Up,"$731,463,377","$293,004,164","$438,459,213"
114,2010,Inception,"$728,582,465","$292,576,195","$436,006,270"
115,2019,Liu Lang Di Qiu,"$727,846,450","$5,875,487","$721,970,963"
116,2005,"The Chronicles of Narnia: The Lion, t…","$720,539,572","$291,710,957","$428,828,615"
117,2014,Captain America: The Winter Soldier,"$714,401,889","$259,746,958","$454,654,931"
118,2014,Dawn of the Planet of the Apes,"$710,644,566","$208,545,589","$502,098,977"
119,2014,The Amazing Spider-Man 2,"$708,996,336","$202,853,933","$506,142,403"
120,2007,Transformers,"$708,272,592","$319,246,193","$389,026,399"
121,2010,The Twilight Saga: Eclipse,"$706,102,828","$300,531,751","$405,571,077"
122,2017,It,"$701,083,042","$328,828,874","$372,254,168"
123,2021,Tang Ren Jie Tan An 3,"$698,994,069",,"$698,994,069"
124,2011,Mission: ImpossibleâGhost Protocol,"$694,713,230","$209,397,903","$485,315,327"
125,2013,Gravity,"$689,742,192","$274,092,705","$415,649,487"
126,2011,"The Twilight Saga: Breaking Dawn, Part 1","$689,420,051","$281,287,133","$408,132,918"
127,2015,Mission: ImpossibleâRogue Nation,"$688,858,992","$195,042,377","$493,816,615"
128,2009,The Twilight Saga: New Moon,"$687,557,727","$296,623,634","$390,934,093"
129,1994,Forrest Gump,"$679,838,260","$330,151,138","$349,687,122"
130,2012,The Hunger Games,"$677,923,379","$408,010,692","$269,912,687"
131,2016,Doctor Strange,"$676,354,481","$232,641,920","$443,712,561"
132,1999,The Sixth Sense,"$672,806,292","$293,506,292","$379,300,000"
133,2013,Man of Steel,"$667,999,518","$291,045,518","$376,954,000"
134,2011,Kung Fu Panda 2,"$664,837,547","$165,249,063","$499,588,484"
135,2021,F9: The Fast Saga,"$662,412,771","$171,456,615","$490,956,156"
136,2002,Star Wars Ep. II: Attack of the Clones,"$656,695,615","$310,676,740","$346,018,875"
137,2017,Justice League,"$655,945,209","$229,024,295","$426,920,914"
138,2015,The Martian,"$655,111,538","$228,433,663","$426,677,875"
139,2003,Pirates of the Caribbean: The Curse o…,"$654,310,819","$305,410,819","$348,900,000"
140,2012,Men in Black 3,"$654,213,485","$179,020,854","$475,192,631"
141,2014,Interstellar,"$651,994,868","$188,017,894","$463,976,974"
142,2006,Ice Age: The Meltdown,"$651,899,282","$195,330,621","$456,568,661"
143,2018,Fantastic Beasts: The Crimes of Grind…,"$651,280,475","$159,555,901","$491,724,574"
144,2014,Big Hero 6,"$649,657,407","$222,527,828","$427,129,579"
145,2015,The Hunger Games: Mockingjay - Part 2,"$648,986,787","$281,723,902","$367,262,885"
146,2013,Thor: The Dark World,"$644,602,516","$206,362,140","$438,240,376"
147,2016,Moana,"$635,245,959","$248,757,044","$386,488,915"
148,2016,Sing,"$632,483,611","$270,329,045","$362,154,566"
149,2008,Kung Fu Panda,"$631,910,531","$215,434,591","$416,475,940"
150,2004,The Incredibles,"$631,441,092","$261,441,092","$370,000,000"
151,2011,Fast Five,"$630,163,454","$210,031,325","$420,132,129"
152,2007,Ratatouille,"$626,549,695","$206,445,654","$420,104,041"
153,2008,Hancock,"$624,234,272","$227,946,274","$396,287,998"
154,2018,Ant-Man and the Wasp,"$623,144,660","$216,648,740","$406,495,920"
155,2004,The Passion of the Christ,"$622,313,635","$370,782,930","$251,530,705"
156,2010,Iron Man 2,"$621,156,389","$312,433,331","$308,723,058"
157,2012,Life of Pi,"$619,310,368","$124,987,022","$494,323,346"
158,1997,The Lost World: Jurassic Park,"$618,638,999","$229,086,679","$389,552,320"
159,2014,How to Train Your Dragon 2,"$614,586,270","$177,002,924","$437,583,346"
160,2017,Logan,"$614,202,315","$226,277,068","$387,925,247"
161,2005,War of the Worlds,"$606,836,535","$234,280,354","$372,556,181"
162,2017,Transformers: The Last Knight,"$602,893,340","$130,168,683","$472,724,657"
163,2008,Mamma Mia!,"$602,891,655","$144,130,063","$458,761,592"
164,2008,Madagascar: Escape 2 Africa,"$599,680,774","$180,174,880","$419,505,894"
165,2006,Casino Royale,"$594,420,283","$167,365,000","$427,055,283"
166,2008,Quantum of Solace,"$591,692,078","$169,368,427","$422,323,651"
167,1997,Men in Black,"$587,790,539","$250,690,539","$337,100,000"
168,2011,The Hangover Part II,"$586,764,305","$254,464,305","$332,300,000"
169,2010,Tangled,"$585,574,317","$200,821,936","$384,752,381"
170,2007,I am Legend,"$585,532,684","$256,393,010","$329,139,674"
171,2008,Iron Man,"$585,171,547","$318,604,126","$266,567,421"
172,2006,Night at the Museum,"$579,446,407","$250,863,268","$328,583,139"
173,2018,Ready Player One,"$579,055,653","$137,690,172","$441,365,481"
174,2013,The Croods,"$573,068,425","$187,168,425","$385,900,000"
175,2015,Fifty Shades of Grey,"$570,794,950","$166,167,230","$404,627,720"
176,2011,The Smurfs,"$563,749,323","$142,614,158","$421,135,165"
177,2017,Kong: Skull Island,"$561,072,059","$168,052,812","$393,019,247"
178,2001,"Monsters, Inc.","$560,483,719","$290,149,425","$270,334,294"
179,2011,Cars 2,"$560,155,383","$191,450,875","$368,704,508"
180,2005,Madagascar,"$556,559,566","$193,595,521","$362,964,045"
181,2012,Ted,"$556,016,627","$218,665,740","$337,350,887"
182,2004,The Day After Tomorrow,"$555,840,117","$186,740,799","$369,099,318"
183,2011,Puss in Boots,"$554,987,477","$149,260,504","$405,726,973"
184,2012,Brave,"$554,606,532","$237,282,182","$317,324,350"
185,1998,Armageddon,"$554,600,000","$201,578,182","$353,021,818"
186,2005,King Kong,"$550,517,357","$218,080,025","$332,437,332"
187,2000,Mission: Impossible 2,"$549,588,516","$215,409,889","$334,178,627"
188,1980,Star Wars Ep. V: The Empire Strikes Back,"$549,001,242","$291,738,960","$257,262,282"
189,2014,American Sniper,"$547,326,372","$350,126,372","$197,200,000"
190,2018,Tang Ren Jie Tan An 2,"$544,068,574","$1,983,984","$542,084,590"
191,2010,Despicable Me,"$543,464,573","$251,513,985","$291,950,588"
192,2016,X-Men: Apocalypse,"$542,537,546","$155,442,489","$387,095,057"
193,2011,Sherlock Holmes: A Game of Shadows,"$535,663,443","$186,848,418","$348,815,025"
194,2015,Cinderella,"$534,551,353","$201,151,353","$333,400,000"
195,2018,Hong Hai Xing Dong,"$533,601,535","$1,543,547","$532,057,988"
196,2015,The Revenant,"$532,938,302","$183,637,894","$349,300,408"
197,2008,WALL-E,"$532,508,025","$223,808,164","$308,699,861"
198,2013,World War Z,"$531,861,650","$202,706,711","$329,154,939"
199,2018,Ralph Breaks The Internet,"$529,290,830","$201,091,711","$328,199,119"
200,2014,Godzilla,"$529,076,069","$200,676,069","$328,400,000"
202,2018,The Meg,"$527,370,715","$145,443,742","$381,926,973"
203,2018,Hotel Transylvania 3: Summer Vacation,"$527,103,195","$167,500,092","$359,603,103"
204,2007,The Simpsons Movie,"$527,071,022","$183,135,014","$343,936,008"
205,2016,Mei Ren Yu,"$525,018,479","$3,229,457","$521,789,022"
206,2019,How to Train Your Dragon: The Hidden …,"$522,746,363","$160,799,505","$361,946,858"
207,2016,Kung Fu Panda 3,"$521,170,825","$143,528,619","$377,642,206"
208,2017,Dunkirk,"$519,452,014","$190,068,280","$329,383,734"
209,2015,Ant-Man,"$518,858,449","$180,202,163","$338,656,286"
210,1990,Ghost,"$517,600,000","$217,631,306","$299,968,694"
211,2004,Meet the Fockers,"$516,567,575","$279,167,575","$237,400,000"
212,1991,Terminator 2: Judgment Day,"$515,390,883","$203,464,105","$311,926,778"
213,2018,Dr. Seussâ The Grinch,"$514,602,427","$270,834,950","$243,767,477"
214,1999,Toy Story 2,"$511,358,276","$245,852,179","$265,506,097"
215,1992,Aladdin,"$504,050,219","$217,350,219","$286,700,000"
216,2009,Sherlock Holmes,"$498,438,212","$209,028,679","$289,409,533"
217,2012,Wreck-It Ralph,"$496,511,521","$189,412,677","$307,098,844"
218,1996,Twister,"$495,700,000","$241,688,385","$254,011,615"
219,2010,How to Train Your Dragon,"$494,870,992","$217,581,232","$277,289,760"
220,2010,Clash of the Titans,"$493,214,888","$163,214,888","$330,000,000"
221,2014,Rio 2,"$492,846,291","$131,538,435","$361,307,856"
222,2001,Shrek,"$491,812,794","$267,655,011","$224,157,783"
223,2009,Angels & Demons,"$490,875,846","$133,375,846","$357,500,000"
224,2013,Oz the Great and Powerful,"$490,359,051","$234,770,996","$255,588,055"
225,2017,War for the Planet of the Apes,"$489,592,267","$146,880,162","$342,712,105"
226,2019,Maleficent: Mistress of Evil,"$489,346,495","$113,929,605","$375,416,890"
227,2011,Rio,"$487,519,809","$143,619,809","$343,900,000"
228,2005,Mr. and Mrs. Smith,"$486,124,090","$186,336,279","$299,787,811"
229,1998,Saving Private Ryan,"$485,035,085","$216,335,085","$268,700,000"
230,2014,Teenage Mutant Ninja Turtles,"$485,004,754","$191,204,754","$293,800,000"
231,2012,Les Intouchables,"$484,630,908","$13,182,281","$471,448,627"
232,2003,Bruce Almighty,"$484,468,608","$242,704,995","$241,763,613"
233,2004,Troy,"$483,152,040","$133,298,577","$349,853,463"
234,2020,Kimetsu no Yaiba: Mugen Ressha-Hen,"$477,926,595","$47,700,000","$430,226,595"
235,1990,Home Alone,"$476,684,675","$285,761,243","$190,923,432"
236,2005,Charlie and the Chocolate Factory,"$475,825,484","$206,459,076","$269,366,408"
237,1983,Star Wars Ep. VI: Return of the Jedi,"$475,106,177","$309,205,079","$165,901,098"
238,1989,Indiana Jones and the Last Crusade,"$474,171,806","$197,171,806","$277,000,000"
239,2020,Ba bai,"$472,643,830",,"$472,643,830"
240,2011,Rise of the Planet of the Apes,"$470,986,200","$176,760,185","$294,226,015"
241,1975,Jaws,"$470,700,000","$260,000,000","$210,700,000"
242,2019,It: Chapter Two,"$469,566,806","$211,593,228","$257,973,578"
243,2015,Hotel Transylvania 2,"$469,500,298","$169,700,110","$299,800,188"
244,2014,The Lego Movie,"$468,084,718","$257,784,718","$210,300,000"
245,2021,Godzilla vs. Kong,"$467,863,133","$100,563,133","$367,300,000"
246,2013,Star Trek Into Darkness,"$467,381,584","$228,778,661","$238,602,923"
247,2009,The Hangover,"$465,487,583","$277,322,503","$188,165,080"
248,2019,Wo he wo de zu guo,"$465,418,019","$2,323,409","$463,094,610"
249,1999,The Matrix,"$465,377,200","$173,396,389","$291,980,811"
250,2018,Bumblebee,"$465,195,589","$127,195,589","$338,000,000"
251,2006,Cars,"$461,630,558","$244,082,982","$217,547,576"
252,2006,X-Men: The Last Stand,"$459,260,946","$234,362,462","$224,898,484"
253,1996,Mission: Impossible,"$457,697,994","$180,981,886","$276,716,108"
254,2000,Gladiator,"$457,552,323","$187,683,805","$269,868,518"
255,2014,Lucy,"$457,507,776","$126,573,960","$330,933,816"
256,2007,National Treasure: Book of Secrets,"$457,325,804","$219,961,501","$237,364,303"
257,2003,The Last Samurai,"$456,810,575","$111,110,575","$345,700,000"
258,2015,San Andreas,"$456,258,539","$155,190,832","$301,067,707"
259,2007,300,"$454,161,935","$210,614,939","$243,546,996"
260,2018,Wo Bi Shi Yao Shen,"$451,183,392","$6,752","$451,176,640"
261,2001,Ocean's Eleven,"$450,728,529","$183,417,150","$267,311,379"
262,2012,Django Unchained,"$449,841,566","$162,805,434","$287,036,132"
263,2011,Thor,"$449,326,618","$181,030,624","$268,295,994"
264,2001,Pearl Harbor,"$449,239,853","$198,539,855","$250,699,998"
265,1999,Tarzan,"$448,191,819","$171,091,819","$277,100,000"
266,2019,The Secret Life of Pets 2,"$446,273,015","$158,874,395","$287,398,620"
267,2016,La La Land,"$445,607,848","$151,101,803","$294,506,045"
268,2007,The Bourne Ultimatum,"$444,043,396","$227,471,070","$216,572,326"
269,2009,Alvin and the Chipmunks: The Squeakquel,"$443,483,213","$219,614,612","$223,868,601"
270,2002,Men in Black 2,"$441,767,803","$190,418,803","$251,349,000"
271,1993,Mrs. Doubtfire,"$441,286,003","$219,195,051","$222,090,952"
272,2016,Warcraft,"$438,899,824","$47,365,290","$391,534,534"
273,1991,Beauty and the Beast,"$438,656,843","$206,333,165","$232,323,678"
274,2012,Les MisÃ©rables,"$438,420,442","$148,809,770","$289,610,672"
275,2001,The Mummy Returns,"$435,040,395","$202,007,640","$233,032,755"
276,2017,The Greatest Showman,"$434,473,253","$174,340,174","$260,133,079"
277,2020,Wo He Wo De Jia Xiang,"$433,241,288",,"$433,241,288"
278,2003,Terminator 3: Rise of the Machines,"$433,058,296","$150,358,296","$282,700,000"
279,1990,Pretty Woman,"$432,566,361","$178,406,268","$254,160,093"
280,2015,Terminator: Genisys,"$432,150,894","$89,760,956","$342,389,938"
281,2019,PokÃ©mon: Detective Pikachu,"$431,947,558","$144,105,346","$287,842,212"
282,2002,Die Another Day,"$431,942,139","$160,942,139","$271,000,000"
283,2018,A Star is Born,"$431,870,523","$215,288,866","$216,581,657"
284,2010,The Kingâs Speech,"$430,821,168","$138,797,449","$292,023,719"
285,1973,The Exorcist,"$428,214,478","$230,347,346","$197,867,132"
286,2018,Rampage,"$427,947,217","$101,028,233","$326,918,984"
287,2003,The Matrix Revolutions,"$427,300,260","$139,270,910","$288,029,350"
288,2000,Cast Away,"$427,230,516","$233,632,142","$193,598,374"
289,2020,Bad Boys For Life,"$424,536,881","$204,417,855","$220,119,026"
290,1990,Dances with Wolves,"$424,208,805","$184,208,842","$239,999,963"
291,2010,The Chronicles of Narnia: The Voyage …,"$418,186,950","$104,386,950","$313,800,000"
292,2019,Zhongguo jizhang,"$417,850,370","$706,572","$417,143,798"
293,2008,The Chronicles of Narnia: Prince Caspian,"$417,341,288","$141,621,490","$275,719,798"
294,2013,The Wolverine,"$416,456,852","$132,556,852","$283,900,000"
295,1999,The Mummy,"$416,385,488","$155,385,488","$261,000,000"
296,2016,Jason Bourne,"$416,168,316","$162,192,920","$253,975,396"
297,2008,Sex and the City,"$415,247,258","$152,647,258","$262,600,000"
298,1988,Rain Man,"$412,800,000","$172,825,435","$239,974,565"
299,1989,Batman,"$411,348,924","$251,188,924","$160,160,000"
300,2013,Pacific Rim,"$411,002,906","$101,802,906","$309,200,000"
302,2017,The Mummy,"$409,953,905","$80,101,125","$329,852,780"
303,2017,Kingsman: The Golden Circle,"$408,803,696","$100,234,838","$308,568,858"
304,2002,Signs,"$408,250,578","$227,969,295","$180,281,283"
305,2003,X-Men 2,"$406,348,630","$214,949,694","$191,398,936"
306,2008,The Mummy: Tomb of the Dragon Emperor,"$405,760,225","$102,491,776","$303,268,449"
307,2015,Kingsman: The Secret Service,"$404,561,724","$128,261,724","$276,300,000"
308,2012,Prometheus,"$402,448,265","$126,477,084","$275,971,181"
309,2008,Twilight,"$402,280,159","$192,769,854","$209,510,305"
310,2009,Night at the Museum: Battle of the Sm…,"$402,231,063","$177,243,721","$224,987,342"
311,2016,Ice Age: Collision Course,"$402,156,682","$64,063,008","$338,093,674"
312,2019,Alita: Battle Angel,"$401,900,040","$85,838,210","$316,061,830"
313,2012,Snow White and the Huntsman,"$401,021,746","$155,136,755","$245,884,991"
314,2010,Tron: Legacy,"$399,866,199","$172,062,763","$227,803,436"
315,2006,Mission: Impossible III,"$399,387,745","$133,501,348","$265,886,397"
316,2018,Mamma Mia: Here We Go Again!,"$394,201,159","$120,634,935","$273,566,224"
317,2018,Solo: A Star Wars Story,"$393,151,347","$213,767,512","$179,383,835"
318,2006,Superman Returns,"$391,081,192","$200,120,000","$190,961,192"
319,1939,Gone with the Wind,"$390,525,192","$198,680,470","$191,844,722"
320,1991,Robin Hood: Prince of Thieves,"$390,500,000","$165,493,908","$225,006,092"
321,2013,The Wolf of Wall Street,"$389,918,903","$116,949,183","$272,969,720"
322,1978,Grease,"$387,483,897","$181,813,770","$205,670,127"
323,2009,Star Trek,"$386,839,614","$257,730,019","$129,109,595"
324,2002,Ice Age,"$386,116,343","$176,387,405","$209,728,938"
325,2015,Home,"$385,997,896","$177,397,510","$208,600,386"
326,1985,Back to the Future,"$385,510,205","$212,259,762","$173,250,443"
327,2006,Happy Feet,"$385,000,317","$198,000,317","$187,000,000"
328,2016,Independence Day: Resurgence,"$384,169,424","$103,144,286","$281,025,138"
329,2008,Slumdog Millionaire,"$383,825,427","$141,330,703","$242,494,724"
330,2001,Sen to Chihiro no Kamikakushi,"$383,686,091","$10,049,886","$373,636,205"
331,2017,Cars 3,"$383,541,369","$152,901,115","$230,640,254"
332,2019,Godzilla: King of the Monsters,"$383,299,915","$110,500,138","$272,799,777"
333,2007,Live Free or Die Hard,"$382,288,147","$134,529,403","$247,758,744"
334,2009,Monsters vs. Aliens,"$381,687,380","$198,351,526","$183,335,854"
335,2017,Fifty Shades Darker,"$381,367,046","$114,434,010","$266,933,036"
336,2012,Hotel Transylvania,"$378,659,142","$148,313,048","$230,346,094"
337,2012,Taken 2,"$377,807,404","$139,854,287","$237,953,117"
338,2019,Once Upon a Timeâ¦in Hollywood,"$377,562,039","$142,502,728","$235,059,311"
339,1998,Godzilla,"$376,000,000","$136,314,294","$239,685,706"
340,2013,G.I. Joe: Retaliation,"$375,740,705","$122,523,060","$253,217,645"
341,2018,Spider-Man: Into The Spider-Verse 3D,"$375,654,619","$190,173,195","$185,481,424"
342,2002,My Big Fat Greek Wedding,"$374,890,034","$241,438,208","$133,451,826"
343,2009,X-Men Origins: Wolverine,"$374,825,760","$179,883,157","$194,942,603"
344,2000,What Women Want,"$374,105,123","$182,805,123","$191,300,000"
345,2011,The Adventures of Tintin,"$373,993,951","$77,591,831","$296,402,120"
346,2018,Fifty Shades Freed,"$371,985,018","$100,407,760","$271,577,258"
347,2004,Shark Tale,"$371,741,123","$161,412,000","$210,329,123"
348,2011,Captain America: The First Avenger,"$370,569,776","$176,654,505","$193,915,271"
349,1998,There's Something About Mary,"$369,884,651","$176,484,651","$193,400,000"
350,2015,Mad Max: Fury Road,"$367,457,874","$153,636,354","$213,821,520"
351,1981,Raiders of the Lost Ark,"$367,452,079","$225,686,079","$141,766,000"
352,2007,The Golden Compass,"$367,262,558","$70,107,728","$297,154,830"
353,2014,Gone Girl,"$367,160,781","$167,767,189","$199,393,592"
354,2014,Edge of Tomorrow,"$367,028,980","$100,206,256","$266,822,724"
355,2018,Xi Hong Shi Shou Fu,"$366,961,920",,"$366,961,920"
356,2014,Penguins of Madagascar,"$366,942,531","$83,350,911","$283,591,620"
357,2005,Hitch,"$366,784,257","$177,784,257","$189,000,000"
358,2019,1917,"$366,614,721","$159,227,644","$207,387,077"
359,1995,Die Hard: With a Vengeance,"$366,101,666","$100,012,499","$266,089,167"
360,2001,Jurassic Park III,"$365,900,000","$181,166,115","$184,733,885"
361,2009,Terminator Salvation,"$365,491,792","$125,322,469","$240,169,323"
362,1994,True Lies,"$365,300,000","$146,282,411","$219,017,589"
363,1995,Toy Story,"$365,270,951","$192,523,233","$172,747,718"
364,1999,Notting Hill,"$363,718,196","$116,089,678","$247,628,518"
365,2019,Shazam!,"$363,664,533","$140,371,656","$223,292,877"
366,2018,The Nun,"$363,391,647","$117,450,119","$245,941,528"
367,1998,A Bug's Life,"$363,095,319","$162,798,565","$200,296,754"
368,2004,Ocean's Twelve,"$362,989,076","$125,531,634","$237,457,442"
369,2007,Alvin and the Chipmunks,"$362,605,033","$217,326,974","$145,278,059"
370,2001,Planet of the Apes,"$362,211,740","$180,011,740","$182,200,000"
371,2013,The Hangover 3,"$362,000,072","$112,200,072","$249,800,000"
372,2020,Tenet,"$361,875,852","$57,929,000","$303,946,852"
373,1999,The World is Not Enough,"$361,730,660","$126,930,660","$234,800,000"
374,2018,Zhuo yao ji 2,"$361,683,815","$706,153","$360,977,662"
375,2009,Fast & Furious,"$359,347,833","$155,064,265","$204,283,568"
376,2015,Zhuo yao ji,"$359,295,591","$32,766","$359,262,825"
377,2005,Batman Begins,"$359,004,502","$205,343,774","$153,660,728"
378,1992,Home Alone 2: Lost in New York,"$358,994,850","$173,585,516","$185,409,334"
379,2002,Minority Report,"$358,824,714","$132,024,714","$226,800,000"
380,1994,The Flintstones,"$358,500,000","$130,531,208","$227,968,792"
381,2016,Kimi no na wa,"$357,065,738","$5,000,181","$352,065,557"
382,1986,Top Gun,"$357,011,945","$180,012,912","$176,999,033"
383,1995,Goldeneye,"$356,429,941","$106,429,941","$250,000,000"
384,1999,American Beauty,"$356,258,047","$130,058,047","$226,200,000"
385,2000,Dinosaur,"$356,148,063","$137,748,063","$218,400,000"
386,2002,Catch Me if You Can,"$355,612,291","$164,606,800","$191,005,491"
387,2011,X-Men: First Class,"$355,408,305","$146,408,305","$209,000,000"
388,2014,Night at the Museum: Secret of the Tomb,"$353,756,621","$113,746,621","$240,010,000"
389,1993,The Fugitive,"$353,715,317","$183,875,760","$169,839,557"
390,2013,The Great Gatsby,"$353,640,419","$144,840,419","$208,800,000"
391,2019,Dumbo,"$353,166,307","$114,766,307","$238,400,000"
392,2014,Noah,"$352,831,065","$101,200,044","$251,631,021"
393,1992,Basic Instinct,"$352,700,000","$117,727,224","$234,972,776"
394,2016,The Angry Birds Movie,"$352,327,887","$107,509,366","$244,818,521"
395,2021,Black Widow,"$352,277,006","$175,777,006","$176,500,000"
396,2010,The Karate Kid,"$351,774,938","$176,591,618","$175,183,320"
397,2017,Murder on the Orient Express,"$351,767,147","$102,826,543","$248,940,604"
398,1994,The Mask,"$351,620,129","$119,920,129","$231,700,000"
399,1988,Who Framed Roger Rabbit?,"$351,500,000","$154,112,492","$197,387,508"
400,2012,Dr. Seussâ The Lorax,"$350,976,753","$214,030,500","$136,946,253"
402,1998,Deep Impact,"$349,464,664","$140,464,664","$209,000,000"
403,2011,Alvin and the Chipmunks: Chipwrecked,"$349,088,523","$133,107,389","$215,981,134"
404,2016,The Legend of Tarzan,"$348,902,025","$126,643,061","$222,258,964"
405,2018,Mary Poppins Returns,"$348,901,032","$171,958,438","$176,942,594"
406,2004,"I, Robot","$348,629,585","$144,801,023","$203,828,562"
407,2013,The Smurfs 2,"$348,547,523","$71,017,784","$277,529,739"
408,2014,The Maze Runner,"$348,319,861","$102,427,862","$245,891,999"
409,2001,Rush Hour 2,"$347,425,832","$226,164,286","$121,261,546"
410,1995,Pocahontas,"$347,100,000","$141,579,773","$205,520,227"
411,2018,Peter Rabbit,"$346,727,372","$115,234,093","$231,493,279"
412,2000,How the Grinch Stole Christmas,"$345,445,403","$260,348,825","$85,096,578"
413,2017,xXx: Return of Xander Cage,"$345,033,359","$44,898,413","$300,134,946"
414,2006,Over the Hedge,"$343,397,247","$155,019,340","$188,377,907"
415,2016,Trolls,"$343,242,613","$153,707,064","$189,535,549"
416,2013,Now You See Me,"$342,769,200","$117,723,989","$225,045,211"
417,2008,Wanted,"$342,416,460","$134,508,551","$207,907,909"
418,1977,Close Encounters of the Third Kind,"$340,800,479","$169,100,479","$171,700,000"
419,2007,Enchanted,"$340,384,141","$127,706,877","$212,677,264"
420,1997,Tomorrow Never Dies,"$339,504,276","$125,304,276","$214,200,000"
421,1995,Batman Forever,"$336,529,144","$184,031,112","$152,498,032"
422,2010,Prince of Persia: Sands of Time,"$336,359,676","$90,759,676","$245,600,000"
423,1996,The Rock,"$336,069,511","$134,069,511","$202,000,000"
424,1995,Apollo 13,"$335,802,271","$173,772,767","$162,029,504"
425,2016,Star Trek Beyond,"$335,673,708","$158,848,340","$176,825,368"
426,2018,A Quiet Place,"$334,876,670","$188,024,361","$146,852,309"
427,2017,Never Say Die,"$334,536,622",,"$334,536,622"
428,2016,The Great Wall,"$334,486,852","$45,157,105","$289,329,747"
429,2015,The Good Dinosaur,"$333,771,037","$123,087,120","$210,683,917"
430,2005,Fantastic Four,"$333,132,750","$154,696,080","$178,436,670"
431,1984,Indiana Jones and the Temple of Doom,"$333,080,271","$179,880,271","$153,200,000"
432,1989,Back to the Future Part II,"$331,971,881","$118,450,002","$213,521,879"
433,2014,22 Jump Street,"$331,333,876","$191,719,337","$139,614,539"
434,2004,National Treasure,"$331,323,410","$173,005,002","$158,318,408"
435,2010,Black Swan,"$331,266,710","$106,954,678","$224,312,032"
436,2014,300: Rise of an Empire,"$330,780,051","$106,580,051","$224,200,000"
437,2000,Meet the Parents,"$330,425,040","$166,225,040","$164,200,000"
438,2008,The Curious Case of Benjamin Button,"$329,631,958","$127,509,326","$202,122,632"
439,2000,The Perfect Storm,"$328,711,434","$182,618,434","$146,093,000"
440,2016,Now You See Me 2,"$328,325,007","$65,075,540","$263,249,467"
441,1986,Crocodile Dundee,"$328,203,506","$174,803,506","$153,400,000"
442,1995,Se7en,"$328,125,643","$100,125,643","$228,000,000"
443,2008,Bolt,"$328,015,029","$114,053,579","$213,961,450"
444,2015,Taken 3,"$327,656,424","$89,256,424","$238,400,000"
445,2019,Feng Kuang De Wai Xing Ren,"$326,150,303",,"$326,150,303"
446,2006,The Devil Wears Prada,"$326,073,155","$124,740,460","$201,332,695"
447,2019,John Wick: Chapter 3 â Parabellum,"$325,674,995","$171,016,727","$154,658,268"
448,1996,The Hunchback of Notre Dame,"$325,500,000","$100,138,851","$225,361,149"
449,2010,Robin Hood,"$322,459,006","$105,487,148","$216,971,858"
450,1993,Schindlerâs List,"$322,197,132","$96,898,818","$225,298,314"
451,2010,Megamind,"$321,887,208","$148,415,853","$173,471,355"
452,1987,Fatal Attraction,"$320,100,000","$156,645,693","$163,454,307"
453,2018,Green Book,"$320,029,388","$85,080,171","$234,949,217"
454,2010,The Last Airbender,"$319,713,881","$131,772,187","$187,941,694"
455,1992,Lethal Weapon 3,"$319,700,000","$144,731,527","$174,968,473"
456,2012,Journey 2: The Mysterious Island,"$318,146,162","$103,860,290","$214,285,872"
457,2013,The Conjuring,"$317,744,402","$137,400,141","$180,344,261"
458,2001,A Beautiful Mind,"$317,668,058","$170,708,996","$146,959,062"
459,2009,Inglourious Basterds,"$316,915,264","$120,774,594","$196,140,670"
460,1984,Beverly Hills Cop,"$316,300,000","$234,760,478","$81,539,522"
461,2009,Disneyâs A Christmas Carol,"$315,709,697","$137,855,863","$177,853,834"
462,1997,Air Force One,"$315,268,353","$172,956,409","$142,311,944"
463,2009,The Proposal,"$314,709,717","$163,958,031","$150,751,686"
464,1997,As Good as it Gets,"$314,111,923","$148,478,011","$165,633,912"
465,2016,Resident Evil: The Final Chapter,"$314,101,190","$26,844,692","$287,256,498"
466,2012,Battleship,"$313,477,717","$65,233,400","$248,244,317"
467,2019,Knives Out,"$312,952,178","$165,364,060","$147,588,118"
468,2017,Wonder,"$312,755,215","$132,422,809","$180,332,406"
469,2004,The Polar Express,"$312,719,437","$188,578,855","$124,140,582"
470,1999,Austin Powers: The Spy Who Shagged Me,"$312,383,487","$206,040,085","$106,343,402"
471,2012,The Expendables 2,"$311,979,256","$85,028,192","$226,951,064"
472,2007,Ocean's Thirteen,"$311,744,465","$117,144,465","$194,600,000"
473,2015,The SpongeBob Movie: Sponge Out of Water,"$311,013,181","$162,994,032","$148,019,149"
474,2004,The Bourne Supremacy,"$311,001,124","$176,087,450","$134,913,674"
475,2010,Little Fockers,"$310,650,574","$148,438,600","$162,211,974"
476,2017,The Lego Batman Movie,"$310,570,560","$175,750,384","$134,820,176"
477,2015,Maze Runner: The Scorch Trials,"$310,566,162","$81,697,192","$228,868,970"
478,2016,The Conjuring 2: The Enfield Poltergeist,"$310,201,399","$102,470,008","$207,731,391"
479,1999,Runaway Bride,"$310,138,178","$152,257,509","$157,880,669"
480,2005,Chicken Little,"$310,043,823","$135,386,665","$174,657,158"
481,1996,Ransom,"$308,700,000","$136,492,681","$172,207,319"
482,2017,Qian Ren 3: Yan Zhi Da Zuo Zhan,"$307,547,824","$837,791","$306,710,033"
483,2006,The Pursuit of Happyness,"$307,311,093","$162,586,036","$144,725,057"
484,2014,The Fault in Our Stars,"$307,166,834","$124,872,350","$182,294,484"
485,2012,Rise of the Guardians,"$306,900,902","$103,412,758","$203,488,144"
486,2002,Chicago,"$306,770,545","$170,687,518","$136,083,027"
487,2009,The Blind Side,"$305,705,794","$255,959,475","$49,746,319"
488,2017,Annabelle: Creation,"$305,384,865","$102,092,201","$203,292,664"
489,2012,Wrath of the Titans,"$305,270,083","$83,670,083","$221,600,000"
490,2016,Dangal,"$305,149,461","$12,391,761","$292,757,700"
491,2020,Sonic The Hedgehog,"$304,961,681","$146,066,470","$158,895,211"
492,2018,Skyscraper,"$304,868,961","$68,420,120","$236,448,841"
493,2013,A Good Day to Die Hard,"$304,249,198","$67,349,198","$236,900,000"
494,1996,101 Dalmatians,"$304,200,000","$136,189,294","$168,010,706"
495,1998,Mulan,"$303,500,000","$120,620,254","$182,879,746"
496,1997,Liar Liar,"$302,710,615","$181,410,615","$121,300,000"
497,2009,G.I. Joe: The Rise of Cobra,"$302,469,017","$150,201,498","$152,267,519"
498,2016,Passengers,"$302,239,672","$100,014,699","$202,224,973"
499,1991,Hook,"$300,854,823","$119,654,823","$181,200,000"
500,1985,Rambo: First Blood Part II,"$300,400,000","$150,415,432","$149,984,568"
502,1978,Superman,"$300,200,000","$134,218,018","$165,981,982"
503,2004,Van Helsing,"$300,150,546","$120,150,546","$180,000,000"
504,2008,Horton Hears a Who,"$299,477,886","$154,529,439","$144,948,447"
505,2010,Shutter Island,"$299,461,782","$128,012,934","$171,448,848"
506,1997,My Best Friend's Wedding,"$298,923,419","$126,813,153","$172,110,266"
507,1999,Stuart Little,"$298,815,224","$140,015,224","$158,800,000"
508,2018,Oceanâs 8,"$297,718,711","$140,218,711","$157,500,000"
509,1989,Look Who's Talking,"$297,100,000","$140,088,813","$157,011,187"
510,2000,X-Men,"$296,872,367","$157,299,717","$139,572,650"
511,2002,Austin Powers in Goldmember,"$296,338,663","$213,117,789","$83,220,874"
512,2016,Miss Peregrineâs Home for Peculiar Ch…,"$295,986,876","$87,242,834","$208,744,042"
513,2010,Resident Evil: Afterlife,"$295,874,190","$60,128,566","$235,745,624"
514,1984,Ghostbusters,"$295,211,811","$242,212,467","$52,999,344"
515,2015,The Divergent Series: Insurgent,"$295,075,882","$130,179,072","$164,896,810"
516,2010,Sex and the City 2,"$294,680,778","$95,347,692","$199,333,086"
517,1998,Doctor Dolittle,"$294,156,605","$144,156,605","$150,000,000"
518,2009,G-Force,"$292,817,841","$119,436,770","$173,381,071"
519,2018,Pacific Rim: Uprising,"$290,930,148","$59,874,525","$231,055,623"
520,1999,The Green Mile,"$290,701,374","$136,801,374","$153,900,000"
521,2010,Salt,"$290,650,494","$118,311,368","$172,339,126"
522,2017,Ferdinand,"$289,838,913","$84,410,380","$205,428,533"
523,2006,The Departed,"$289,660,619","$132,384,315","$157,276,304"
524,2011,Bridesmaids,"$289,632,023","$169,211,718","$120,420,305"
525,2007,Fantastic Four: Rise of the Silver Su…,"$289,480,691","$131,921,738","$157,558,953"
526,1988,Coming to America,"$288,800,000","$128,152,301","$160,647,699"
527,2000,What Lies Beneath,"$288,693,989","$155,464,351","$133,229,638"
528,2013,Oblivion,"$287,916,633","$89,107,235","$198,809,398"
529,2007,Bee Movie,"$287,594,577","$126,631,277","$160,963,300"
530,2015,Pitch Perfect 2,"$287,215,196","$184,296,230","$102,918,966"
531,2013,Turbo,"$286,896,578","$83,028,130","$203,868,448"
532,2001,American Pie 2,"$286,500,000","$145,096,820","$141,403,180"
533,1965,The Sound of Music,"$286,214,195","$163,214,286","$122,999,909"
534,2013,Elysium,"$286,192,091","$93,050,117","$193,141,974"
535,1998,Lethal Weapon 4,"$285,400,000","$130,444,603","$154,955,397"
536,2005,Wedding Crashers,"$283,218,368","$209,218,368","$74,000,000"
537,1994,Speed,"$283,200,000","$121,248,145","$161,951,855"
538,2012,John Carter,"$282,778,100","$73,058,679","$209,719,421"
539,1977,Saturday Night Fever,"$282,400,000","$139,486,124","$142,913,876"
540,1995,Casper,"$282,300,000","$100,328,194","$181,971,806"
541,2012,The Bourne Legacy,"$280,355,920","$113,203,870","$167,152,050"
542,1998,Shakespeare in Love,"$279,500,000","$100,317,794","$179,182,206"
543,2017,Split,"$278,754,594","$138,141,585","$140,613,009"
544,2010,The Tourist,"$278,731,369","$67,631,157","$211,100,212"
545,2001,Bridget Jones's Diary,"$277,902,373","$71,500,556","$206,401,817"
546,2000,Scary Movie,"$277,200,000","$157,019,771","$120,180,229"
547,2016,Alice Through the Looking Glass,"$276,928,112","$77,042,381","$199,885,731"
548,1987,Beverly Hills Cop II,"$276,665,036","$153,665,036","$123,000,000"
549,2002,Scooby-Doo,"$276,294,164","$153,294,164","$123,000,000"
550,2014,Divergent,"$276,014,965","$150,947,895","$125,067,070"
551,1991,The Silence of the Lambs,"$275,726,716","$130,726,716","$145,000,000"
552,2008,Gran Torino,"$274,543,085","$148,095,302","$126,447,783"
553,2008,High School Musical 3: Senior Year,"$274,392,880","$90,559,416","$183,833,464"
554,2013,Cloudy with a Chance of Meatballs 2,"$274,392,649","$119,793,567","$154,599,082"
555,1996,The Nutty Professor,"$273,814,019","$128,814,019","$145,000,000"
556,1996,Jerry Maguire,"$273,552,592","$153,952,592","$119,600,000"
557,2018,Tomb Raider,"$273,477,501","$58,250,803","$215,226,698"
558,2012,Lincoln,"$273,346,281","$182,207,973","$91,138,308"
559,2001,Lara Croft: Tomb Raider,"$273,330,185","$131,144,183","$142,186,002"
560,2003,Bad Boys II,"$273,271,982","$138,540,870","$134,731,112"
561,2010,Grown Ups,"$272,223,000","$162,001,186","$110,221,814"
562,2009,The Princess and the Frog,"$270,997,378","$104,400,899","$166,596,479"
563,2014,Neighbors,"$270,944,428","$150,086,800","$120,857,628"
564,1993,The Firm,"$270,340,892","$158,340,892","$112,000,000"
565,2014,Mr. Peabody & Sherman,"$269,806,430","$111,506,430","$158,300,000"
566,2008,"10,000 B.C.","$269,065,678","$94,784,201","$174,281,477"
567,2021,A Quiet Place: Part II,"$268,625,879","$159,578,799","$109,047,080"
568,1972,The Godfather,"$268,500,000","$134,966,411","$133,533,589"
569,2014,Exodus: Gods and Kings,"$268,314,513","$65,014,513","$203,300,000"
570,2010,The Expendables,"$268,268,174","$103,068,524","$165,199,650"
571,1942,Bambi,"$268,000,000","$102,797,000","$165,203,000"
572,2007,American Gangster,"$267,985,456","$130,164,645","$137,820,811"
573,2013,Weâre the Millers,"$267,816,276","$150,394,119","$117,422,157"
574,2002,xXx,"$267,200,000","$141,930,000","$125,270,000"
575,1992,Batman Returns,"$266,824,291","$162,833,635","$103,990,656"
576,2003,Something's Gotta Give,"$266,685,242","$124,685,242","$142,000,000"
577,1993,Indecent Proposal,"$266,600,000","$106,614,059","$159,985,941"
578,2018,Maze Runner: The Death Cure,"$265,878,536","$58,032,443","$207,846,093"
579,2008,The Incredible Hulk,"$265,573,859","$134,806,913","$130,766,946"
580,1995,Waterworld,"$264,246,220","$88,246,220","$176,000,000"
581,1998,The Truman Show,"$264,118,201","$125,618,201","$138,500,000"
582,1997,The Fifth Element,"$263,898,761","$63,570,862","$200,327,899"
583,2004,Bridget Jones: The Edge Of Reason,"$263,894,551","$40,203,020","$223,691,531"
584,2011,Real Steel,"$263,880,341","$85,463,309","$178,417,032"
585,1950,Cinderella,"$263,591,415","$85,000,000","$178,591,415"
586,2017,Baahubali 2: The Conclusion,"$263,502,914","$18,985,794","$244,517,120"
587,2013,Epic,"$262,794,441","$107,518,682","$155,275,759"
588,1995,Jumanji,"$262,758,310","$100,458,310","$162,300,000"
589,2006,Borat,"$261,443,242","$128,505,958","$132,937,284"
590,1990,Total Recall,"$261,400,000","$119,394,839","$142,005,161"
591,1997,The Full Monty,"$261,249,383","$45,950,122","$215,299,261"
592,2005,Robots,"$260,636,271","$128,200,012","$132,436,259"
593,2013,The Lone Ranger,"$260,002,115","$89,302,115","$170,700,000"
594,2000,Charlie's Angels,"$259,736,090","$125,305,545","$134,430,545"
595,2017,Blade Runner 2049,"$259,238,971","$92,054,159","$167,184,812"
596,2010,Knight and Day,"$258,751,370","$76,423,035","$182,328,335"
597,1985,Out of Africa,"$258,210,860","$79,096,868","$179,113,992"
598,2011,Super 8,"$257,972,745","$127,004,179","$130,968,566"
599,2013,American Hustle,"$257,858,943","$150,098,456","$107,760,487"
600,2000,Erin Brockovich,"$257,805,243","$125,548,685","$132,256,558"
